column,digit_type,digit,observed_count,observed_pct,expected_pct
JEEntryKey,first,1,0,0.000000,0.301030
JEEntryKey,first,2,37905,1.000000,0.176091
JEEntryKey,first,3,0,0.000000,0.124939
JEEntryKey,first,4,0,0.000000,0.096910
JEEntryKey,first,5,0,0.000000,0.079181
JEEntryKey,first,6,0,0.000000,0.066947
JEEntryKey,first,7,0,0.000000,0.057992
JEEntryKey,first,8,0,0.000000,0.051153
JEEntryKey,first,9,0,0.000000,0.045757
JEEntryKey,first_two,10,0,0.000000,0.041393
JEEntryKey,first_two,11,0,0.000000,0.037789
JEEntryKey,first_two,12,0,0.000000,0.034762
JEEntryKey,first_two,13,0,0.000000,0.032185
JEEntryKey,first_two,14,0,0.000000,0.029963
JEEntryKey,first_two,15,0,0.000000,0.028029
JEEntryKey,first_two,16,0,0.000000,0.026329
JEEntryKey,first_two,17,0,0.000000,0.024824
JEEntryKey,first_two,18,0,0.000000,0.023481
JEEntryKey,first_two,19,0,0.000000,0.022276
JEEntryKey,first_two,20,37905,1.000000,0.021189
JEEntryKey,first_two,21,0,0.000000,0.020203
JEEntryKey,first_two,22,0,0.000000,0.019305
JEEntryKey,first_two,23,0,0.000000,0.018483
JEEntryKey,first_two,24,0,0.000000,0.017729
JEEntryKey,first_two,25,0,0.000000,0.017033
JEEntryKey,first_two,26,0,0.000000,0.016390
JEEntryKey,first_two,27,0,0.000000,0.015794
JEEntryKey,first_two,28,0,0.000000,0.015240
JEEntryKey,first_two,29,0,0.000000,0.014723
JEEntryKey,first_two,30,0,0.000000,0.014240
JEEntryKey,first_two,31,0,0.000000,0.013788
JEEntryKey,first_two,32,0,0.000000,0.013364
JEEntryKey,first_two,33,0,0.000000,0.012965
JEEntryKey,first_two,34,0,0.000000,0.012589
JEEntryKey,first_two,35,0,0.000000,0.012234
JEEntryKey,first_two,36,0,0.000000,0.011899
JEEntryKey,first_two,37,0,0.000000,0.011582
JEEntryKey,first_two,38,0,0.000000,0.011281
JEEntryKey,first_two,39,0,0.000000,0.010995
JEEntryKey,first_two,40,0,0.000000,0.010724
JEEntryKey,first_two,41,0,0.000000,0.010465
JEEntryKey,first_two,42,0,0.000000,0.010219
JEEntryKey,first_two,43,0,0.000000,0.009984
JEEntryKey,first_two,44,0,0.000000,0.009760
JEEntryKey,first_two,45,0,0.000000,0.009545
JEEntryKey,first_two,46,0,0.000000,0.009340
JEEntryKey,first_two,47,0,0.000000,0.009143
JEEntryKey,first_two,48,0,0.000000,0.008955
JEEntryKey,first_two,49,0,0.000000,0.008774
JEEntryKey,first_two,50,0,0.000000,0.008600
JEEntryKey,first_two,51,0,0.000000,0.008433
JEEntryKey,first_two,52,0,0.000000,0.008273
JEEntryKey,first_two,53,0,0.000000,0.008118
JEEntryKey,first_two,54,0,0.000000,0.007969
JEEntryKey,first_two,55,0,0.000000,0.007825
JEEntryKey,first_two,56,0,0.000000,0.007687
JEEntryKey,first_two,57,0,0.000000,0.007553
JEEntryKey,first_two,58,0,0.000000,0.007424
JEEntryKey,first_two,59,0,0.000000,0.007299
JEEntryKey,first_two,60,0,0.000000,0.007179
JEEntryKey,first_two,61,0,0.000000,0.007062
JEEntryKey,first_two,62,0,0.000000,0.006949
JEEntryKey,first_two,63,0,0.000000,0.006839
JEEntryKey,first_two,64,0,0.000000,0.006733
JEEntryKey,first_two,65,0,0.000000,0.006631
JEEntryKey,first_two,66,0,0.000000,0.006531
JEEntryKey,first_two,67,0,0.000000,0.006434
JEEntryKey,first_two,68,0,0.000000,0.006340
JEEntryKey,first_two,69,0,0.000000,0.006249
JEEntryKey,first_two,70,0,0.000000,0.006160
JEEntryKey,first_two,71,0,0.000000,0.006074
JEEntryKey,first_two,72,0,0.000000,0.005990
JEEntryKey,first_two,73,0,0.000000,0.005909
JEEntryKey,first_two,74,0,0.000000,0.005830
JEEntryKey,first_two,75,0,0.000000,0.005752
JEEntryKey,first_two,76,0,0.000000,0.005677
JEEntryKey,first_two,77,0,0.000000,0.005604
JEEntryKey,first_two,78,0,0.000000,0.005532
JEEntryKey,first_two,79,0,0.000000,0.005463
JEEntryKey,first_two,80,0,0.000000,0.005395
JEEntryKey,first_two,81,0,0.000000,0.005329
JEEntryKey,first_two,82,0,0.000000,0.005264
JEEntryKey,first_two,83,0,0.000000,0.005201
JEEntryKey,first_two,84,0,0.000000,0.005140
JEEntryKey,first_two,85,0,0.000000,0.005080
JEEntryKey,first_two,86,0,0.000000,0.005021
JEEntryKey,first_two,87,0,0.000000,0.004963
JEEntryKey,first_two,88,0,0.000000,0.004907
JEEntryKey,first_two,89,0,0.000000,0.004853
JEEntryKey,first_two,90,0,0.000000,0.004799
JEEntryKey,first_two,91,0,0.000000,0.004746
JEEntryKey,first_two,92,0,0.000000,0.004695
JEEntryKey,first_two,93,0,0.000000,0.004645
JEEntryKey,first_two,94,0,0.000000,0.004596
JEEntryKey,first_two,95,0,0.000000,0.004548
JEEntryKey,first_two,96,0,0.000000,0.004501
JEEntryKey,first_two,97,0,0.000000,0.004454
JEEntryKey,first_two,98,0,0.000000,0.004409
JEEntryKey,first_two,99,0,0.000000,0.004365
JENumber,first,1,0,0.000000,0.301030
JENumber,first,2,37905,1.000000,0.176091
JENumber,first,3,0,0.000000,0.124939
JENumber,first,4,0,0.000000,0.096910
JENumber,first,5,0,0.000000,0.079181
JENumber,first,6,0,0.000000,0.066947
JENumber,first,7,0,0.000000,0.057992
JENumber,first,8,0,0.000000,0.051153
JENumber,first,9,0,0.000000,0.045757
JENumber,first_two,10,0,0.000000,0.041393
JENumber,first_two,11,0,0.000000,0.037789
JENumber,first_two,12,0,0.000000,0.034762
JENumber,first_two,13,0,0.000000,0.032185
JENumber,first_two,14,0,0.000000,0.029963
JENumber,first_two,15,0,0.000000,0.028029
JENumber,first_two,16,0,0.000000,0.026329
JENumber,first_two,17,0,0.000000,0.024824
JENumber,first_two,18,0,0.000000,0.023481
JENumber,first_two,19,0,0.000000,0.022276
JENumber,first_two,20,37905,1.000000,0.021189
JENumber,first_two,21,0,0.000000,0.020203
JENumber,first_two,22,0,0.000000,0.019305
JENumber,first_two,23,0,0.000000,0.018483
JENumber,first_two,24,0,0.000000,0.017729
JENumber,first_two,25,0,0.000000,0.017033
JENumber,first_two,26,0,0.000000,0.016390
JENumber,first_two,27,0,0.000000,0.015794
JENumber,first_two,28,0,0.000000,0.015240
JENumber,first_two,29,0,0.000000,0.014723
JENumber,first_two,30,0,0.000000,0.014240
JENumber,first_two,31,0,0.000000,0.013788
JENumber,first_two,32,0,0.000000,0.013364
JENumber,first_two,33,0,0.000000,0.012965
JENumber,first_two,34,0,0.000000,0.012589
JENumber,first_two,35,0,0.000000,0.012234
JENumber,first_two,36,0,0.000000,0.011899
JENumber,first_two,37,0,0.000000,0.011582
JENumber,first_two,38,0,0.000000,0.011281
JENumber,first_two,39,0,0.000000,0.010995
JENumber,first_two,40,0,0.000000,0.010724
JENumber,first_two,41,0,0.000000,0.010465
JENumber,first_two,42,0,0.000000,0.010219
JENumber,first_two,43,0,0.000000,0.009984
JENumber,first_two,44,0,0.000000,0.009760
JENumber,first_two,45,0,0.000000,0.009545
JENumber,first_two,46,0,0.000000,0.009340
JENumber,first_two,47,0,0.000000,0.009143
JENumber,first_two,48,0,0.000000,0.008955
JENumber,first_two,49,0,0.000000,0.008774
JENumber,first_two,50,0,0.000000,0.008600
JENumber,first_two,51,0,0.000000,0.008433
JENumber,first_two,52,0,0.000000,0.008273
JENumber,first_two,53,0,0.000000,0.008118
JENumber,first_two,54,0,0.000000,0.007969
JENumber,first_two,55,0,0.000000,0.007825
JENumber,first_two,56,0,0.000000,0.007687
JENumber,first_two,57,0,0.000000,0.007553
JENumber,first_two,58,0,0.000000,0.007424
JENumber,first_two,59,0,0.000000,0.007299
JENumber,first_two,60,0,0.000000,0.007179
JENumber,first_two,61,0,0.000000,0.007062
JENumber,first_two,62,0,0.000000,0.006949
JENumber,first_two,63,0,0.000000,0.006839
JENumber,first_two,64,0,0.000000,0.006733
JENumber,first_two,65,0,0.000000,0.006631
JENumber,first_two,66,0,0.000000,0.006531
JENumber,first_two,67,0,0.000000,0.006434
JENumber,first_two,68,0,0.000000,0.006340
JENumber,first_two,69,0,0.000000,0.006249
JENumber,first_two,70,0,0.000000,0.006160
JENumber,first_two,71,0,0.000000,0.006074
JENumber,first_two,72,0,0.000000,0.005990
JENumber,first_two,73,0,0.000000,0.005909
JENumber,first_two,74,0,0.000000,0.005830
JENumber,first_two,75,0,0.000000,0.005752
JENumber,first_two,76,0,0.000000,0.005677
JENumber,first_two,77,0,0.000000,0.005604
JENumber,first_two,78,0,0.000000,0.005532
JENumber,first_two,79,0,0.000000,0.005463
JENumber,first_two,80,0,0.000000,0.005395
JENumber,first_two,81,0,0.000000,0.005329
JENumber,first_two,82,0,0.000000,0.005264
JENumber,first_two,83,0,0.000000,0.005201
JENumber,first_two,84,0,0.000000,0.005140
JENumber,first_two,85,0,0.000000,0.005080
JENumber,first_two,86,0,0.000000,0.005021
JENumber,first_two,87,0,0.000000,0.004963
JENumber,first_two,88,0,0.000000,0.004907
JENumber,first_two,89,0,0.000000,0.004853
JENumber,first_two,90,0,0.000000,0.004799
JENumber,first_two,91,0,0.000000,0.004746
JENumber,first_two,92,0,0.000000,0.004695
JENumber,first_two,93,0,0.000000,0.004645
JENumber,first_two,94,0,0.000000,0.004596
JENumber,first_two,95,0,0.000000,0.004548
JENumber,first_two,96,0,0.000000,0.004501
JENumber,first_two,97,0,0.000000,0.004454
JENumber,first_two,98,0,0.000000,0.004409
JENumber,first_two,99,0,0.000000,0.004365
JEIdentifier,first,1,0,0.000000,0.301030
JEIdentifier,first,2,37905,1.000000,0.176091
JEIdentifier,first,3,0,0.000000,0.124939
JEIdentifier,first,4,0,0.000000,0.096910
JEIdentifier,first,5,0,0.000000,0.079181
JEIdentifier,first,6,0,0.000000,0.066947
JEIdentifier,first,7,0,0.000000,0.057992
JEIdentifier,first,8,0,0.000000,0.051153
JEIdentifier,first,9,0,0.000000,0.045757
JEIdentifier,first_two,10,0,0.000000,0.041393
JEIdentifier,first_two,11,0,0.000000,0.037789
JEIdentifier,first_two,12,0,0.000000,0.034762
JEIdentifier,first_two,13,0,0.000000,0.032185
JEIdentifier,first_two,14,0,0.000000,0.029963
JEIdentifier,first_two,15,0,0.000000,0.028029
JEIdentifier,first_two,16,0,0.000000,0.026329
JEIdentifier,first_two,17,0,0.000000,0.024824
JEIdentifier,first_two,18,0,0.000000,0.023481
JEIdentifier,first_two,19,0,0.000000,0.022276
JEIdentifier,first_two,20,37905,1.000000,0.021189
JEIdentifier,first_two,21,0,0.000000,0.020203
JEIdentifier,first_two,22,0,0.000000,0.019305
JEIdentifier,first_two,23,0,0.000000,0.018483
JEIdentifier,first_two,24,0,0.000000,0.017729
JEIdentifier,first_two,25,0,0.000000,0.017033
JEIdentifier,first_two,26,0,0.000000,0.016390
JEIdentifier,first_two,27,0,0.000000,0.015794
JEIdentifier,first_two,28,0,0.000000,0.015240
JEIdentifier,first_two,29,0,0.000000,0.014723
JEIdentifier,first_two,30,0,0.000000,0.014240
JEIdentifier,first_two,31,0,0.000000,0.013788
JEIdentifier,first_two,32,0,0.000000,0.013364
JEIdentifier,first_two,33,0,0.000000,0.012965
JEIdentifier,first_two,34,0,0.000000,0.012589
JEIdentifier,first_two,35,0,0.000000,0.012234
JEIdentifier,first_two,36,0,0.000000,0.011899
JEIdentifier,first_two,37,0,0.000000,0.011582
JEIdentifier,first_two,38,0,0.000000,0.011281
JEIdentifier,first_two,39,0,0.000000,0.010995
JEIdentifier,first_two,40,0,0.000000,0.010724
JEIdentifier,first_two,41,0,0.000000,0.010465
JEIdentifier,first_two,42,0,0.000000,0.010219
JEIdentifier,first_two,43,0,0.000000,0.009984
JEIdentifier,first_two,44,0,0.000000,0.009760
JEIdentifier,first_two,45,0,0.000000,0.009545
JEIdentifier,first_two,46,0,0.000000,0.009340
JEIdentifier,first_two,47,0,0.000000,0.009143
JEIdentifier,first_two,48,0,0.000000,0.008955
JEIdentifier,first_two,49,0,0.000000,0.008774
JEIdentifier,first_two,50,0,0.000000,0.008600
JEIdentifier,first_two,51,0,0.000000,0.008433
JEIdentifier,first_two,52,0,0.000000,0.008273
JEIdentifier,first_two,53,0,0.000000,0.008118
JEIdentifier,first_two,54,0,0.000000,0.007969
JEIdentifier,first_two,55,0,0.000000,0.007825
JEIdentifier,first_two,56,0,0.000000,0.007687
JEIdentifier,first_two,57,0,0.000000,0.007553
JEIdentifier,first_two,58,0,0.000000,0.007424
JEIdentifier,first_two,59,0,0.000000,0.007299
JEIdentifier,first_two,60,0,0.000000,0.007179
JEIdentifier,first_two,61,0,0.000000,0.007062
JEIdentifier,first_two,62,0,0.000000,0.006949
JEIdentifier,first_two,63,0,0.000000,0.006839
JEIdentifier,first_two,64,0,0.000000,0.006733
JEIdentifier,first_two,65,0,0.000000,0.006631
JEIdentifier,first_two,66,0,0.000000,0.006531
JEIdentifier,first_two,67,0,0.000000,0.006434
JEIdentifier,first_two,68,0,0.000000,0.006340
JEIdentifier,first_two,69,0,0.000000,0.006249
JEIdentifier,first_two,70,0,0.000000,0.006160
JEIdentifier,first_two,71,0,0.000000,0.006074
JEIdentifier,first_two,72,0,0.000000,0.005990
JEIdentifier,first_two,73,0,0.000000,0.005909
JEIdentifier,first_two,74,0,0.000000,0.005830
JEIdentifier,first_two,75,0,0.000000,0.005752
JEIdentifier,first_two,76,0,0.000000,0.005677
JEIdentifier,first_two,77,0,0.000000,0.005604
JEIdentifier,first_two,78,0,0.000000,0.005532
JEIdentifier,first_two,79,0,0.000000,0.005463
JEIdentifier,first_two,80,0,0.000000,0.005395
JEIdentifier,first_two,81,0,0.000000,0.005329
JEIdentifier,first_two,82,0,0.000000,0.005264
JEIdentifier,first_two,83,0,0.000000,0.005201
JEIdentifier,first_two,84,0,0.000000,0.005140
JEIdentifier,first_two,85,0,0.000000,0.005080
JEIdentifier,first_two,86,0,0.000000,0.005021
JEIdentifier,first_two,87,0,0.000000,0.004963
JEIdentifier,first_two,88,0,0.000000,0.004907
JEIdentifier,first_two,89,0,0.000000,0.004853
JEIdentifier,first_two,90,0,0.000000,0.004799
JEIdentifier,first_two,91,0,0.000000,0.004746
JEIdentifier,first_two,92,0,0.000000,0.004695
JEIdentifier,first_two,93,0,0.000000,0.004645
JEIdentifier,first_two,94,0,0.000000,0.004596
JEIdentifier,first_two,95,0,0.000000,0.004548
JEIdentifier,first_two,96,0,0.000000,0.004501
JEIdentifier,first_two,97,0,0.000000,0.004454
JEIdentifier,first_two,98,0,0.000000,0.004409
JEIdentifier,first_two,99,0,0.000000,0.004365
GLAccountNumber,first,1,20110,0.531308,0.301030
GLAccountNumber,first,2,2142,0.056592,0.176091
GLAccountNumber,first,3,0,0.000000,0.124939
GLAccountNumber,first,4,8540,0.225627,0.096910
GLAccountNumber,first,5,2975,0.078600,0.079181
GLAccountNumber,first,6,8,0.000211,0.066947
GLAccountNumber,first,7,4023,0.106288,0.057992
GLAccountNumber,first,8,52,0.001374,0.051153
GLAccountNumber,first,9,0,0.000000,0.045757
GLAccountNumber,first_two,10,0,0.000000,0.041393
GLAccountNumber,first_two,11,16770,0.443065,0.037789
GLAccountNumber,first_two,12,24,0.000634,0.034762
GLAccountNumber,first_two,13,0,0.000000,0.032185
GLAccountNumber,first_two,14,2871,0.075852,0.029963
GLAccountNumber,first_two,15,0,0.000000,0.028029
GLAccountNumber,first_two,16,445,0.011757,0.026329
GLAccountNumber,first_two,17,0,0.000000,0.024824
GLAccountNumber,first_two,18,0,0.000000,0.023481
GLAccountNumber,first_two,19,0,0.000000,0.022276
GLAccountNumber,first_two,20,0,0.000000,0.021189
GLAccountNumber,first_two,21,78,0.002061,0.020203
GLAccountNumber,first_two,22,2064,0.054531,0.019305
GLAccountNumber,first_two,23,0,0.000000,0.018483
GLAccountNumber,first_two,24,0,0.000000,0.017729
GLAccountNumber,first_two,25,0,0.000000,0.017033
GLAccountNumber,first_two,26,0,0.000000,0.016390
GLAccountNumber,first_two,27,0,0.000000,0.015794
GLAccountNumber,first_two,28,0,0.000000,0.015240
GLAccountNumber,first_two,29,0,0.000000,0.014723
GLAccountNumber,first_two,30,0,0.000000,0.014240
GLAccountNumber,first_two,31,0,0.000000,0.013788
GLAccountNumber,first_two,32,0,0.000000,0.013364
GLAccountNumber,first_two,33,0,0.000000,0.012965
GLAccountNumber,first_two,34,0,0.000000,0.012589
GLAccountNumber,first_two,35,0,0.000000,0.012234
GLAccountNumber,first_two,36,0,0.000000,0.011899
GLAccountNumber,first_two,37,0,0.000000,0.011582
GLAccountNumber,first_two,38,0,0.000000,0.011281
GLAccountNumber,first_two,39,0,0.000000,0.010995
GLAccountNumber,first_two,40,8,0.000211,0.010724
GLAccountNumber,first_two,41,0,0.000000,0.010465
GLAccountNumber,first_two,42,0,0.000000,0.010219
GLAccountNumber,first_two,43,8532,0.225416,0.009984
GLAccountNumber,first_two,44,0,0.000000,0.009760
GLAccountNumber,first_two,45,0,0.000000,0.009545
GLAccountNumber,first_two,46,0,0.000000,0.009340
GLAccountNumber,first_two,47,0,0.000000,0.009143
GLAccountNumber,first_two,48,0,0.000000,0.008955
GLAccountNumber,first_two,49,0,0.000000,0.008774
GLAccountNumber,first_two,50,0,0.000000,0.008600
GLAccountNumber,first_two,51,2975,0.078600,0.008433
GLAccountNumber,first_two,52,0,0.000000,0.008273
GLAccountNumber,first_two,53,0,0.000000,0.008118
GLAccountNumber,first_two,54,0,0.000000,0.007969
GLAccountNumber,first_two,55,0,0.000000,0.007825
GLAccountNumber,first_two,56,0,0.000000,0.007687
GLAccountNumber,first_two,57,0,0.000000,0.007553
GLAccountNumber,first_two,58,0,0.000000,0.007424
GLAccountNumber,first_two,59,0,0.000000,0.007299
GLAccountNumber,first_two,60,0,0.000000,0.007179
GLAccountNumber,first_two,61,0,0.000000,0.007062
GLAccountNumber,first_two,62,0,0.000000,0.006949
GLAccountNumber,first_two,63,0,0.000000,0.006839
GLAccountNumber,first_two,64,8,0.000211,0.006733
GLAccountNumber,first_two,65,0,0.000000,0.006631
GLAccountNumber,first_two,66,0,0.000000,0.006531
GLAccountNumber,first_two,67,0,0.000000,0.006434
GLAccountNumber,first_two,68,0,0.000000,0.006340
GLAccountNumber,first_two,69,0,0.000000,0.006249
GLAccountNumber,first_two,70,0,0.000000,0.006160
GLAccountNumber,first_two,71,2982,0.078785,0.006074
GLAccountNumber,first_two,72,640,0.016909,0.005990
GLAccountNumber,first_two,73,3,0.000079,0.005909
GLAccountNumber,first_two,74,199,0.005258,0.005830
GLAccountNumber,first_two,75,10,0.000264,0.005752
GLAccountNumber,first_two,76,189,0.004993,0.005677
GLAccountNumber,first_two,77,0,0.000000,0.005604
GLAccountNumber,first_two,78,0,0.000000,0.005532
GLAccountNumber,first_two,79,0,0.000000,0.005463
GLAccountNumber,first_two,80,0,0.000000,0.005395
GLAccountNumber,first_two,81,0,0.000000,0.005329
GLAccountNumber,first_two,82,0,0.000000,0.005264
GLAccountNumber,first_two,83,0,0.000000,0.005201
GLAccountNumber,first_two,84,2,0.000053,0.005140
GLAccountNumber,first_two,85,0,0.000000,0.005080
GLAccountNumber,first_two,86,50,0.001321,0.005021
GLAccountNumber,first_two,87,0,0.000000,0.004963
GLAccountNumber,first_two,88,0,0.000000,0.004907
GLAccountNumber,first_two,89,0,0.000000,0.004853
GLAccountNumber,first_two,90,0,0.000000,0.004799
GLAccountNumber,first_two,91,0,0.000000,0.004746
GLAccountNumber,first_two,92,0,0.000000,0.004695
GLAccountNumber,first_two,93,0,0.000000,0.004645
GLAccountNumber,first_two,94,0,0.000000,0.004596
GLAccountNumber,first_two,95,0,0.000000,0.004548
GLAccountNumber,first_two,96,0,0.000000,0.004501
GLAccountNumber,first_two,97,0,0.000000,0.004454
GLAccountNumber,first_two,98,0,0.000000,0.004409
GLAccountNumber,first_two,99,0,0.000000,0.004365
Debit,first,1,5725,0.302095,0.301030
Debit,first,2,3471,0.183157,0.176091
Debit,first,3,2231,0.117725,0.124939
Debit,first,4,1717,0.090602,0.096910
Debit,first,5,1412,0.074508,0.079181
Debit,first,6,1191,0.062846,0.066947
Debit,first,7,941,0.049654,0.057992
Debit,first,8,858,0.045275,0.051153
Debit,first,9,1405,0.074139,0.045757
Debit,first_two,10,798,0.042126,0.041393
Debit,first_two,11,581,0.030671,0.037789
Debit,first_two,12,647,0.034155,0.034762
Debit,first_two,13,429,0.022647,0.032185
Debit,first_two,14,471,0.024864,0.029963
Debit,first_two,15,505,0.026659,0.028029
Debit,first_two,16,458,0.024178,0.026329
Debit,first_two,17,376,0.019849,0.024824
Debit,first_two,18,368,0.019427,0.023481
Debit,first_two,19,1092,0.057647,0.022276
Debit,first_two,20,486,0.025656,0.021189
Debit,first_two,21,341,0.018001,0.020203
Debit,first_two,22,379,0.020007,0.019305
Debit,first_two,23,355,0.018740,0.018483
Debit,first_two,24,427,0.022541,0.017729
Debit,first_two,25,432,0.022805,0.017033
Debit,first_two,26,266,0.014042,0.016390
Debit,first_two,27,252,0.013303,0.015794
Debit,first_two,28,217,0.011455,0.015240
Debit,first_two,29,316,0.016682,0.014723
Debit,first_two,30,321,0.016946,0.014240
Debit,first_two,31,218,0.011508,0.013788
Debit,first_two,32,220,0.011614,0.013364
Debit,first_two,33,177,0.009344,0.012965
Debit,first_two,34,204,0.010769,0.012589
Debit,first_two,35,218,0.011508,0.012234
Debit,first_two,36,188,0.009925,0.011899
Debit,first_two,37,261,0.013778,0.011582
Debit,first_two,38,193,0.010188,0.011281
Debit,first_two,39,230,0.012142,0.010995
Debit,first_two,40,224,0.011825,0.010724
Debit,first_two,41,169,0.008922,0.010465
Debit,first_two,42,151,0.007971,0.010219
Debit,first_two,43,196,0.010347,0.009984
Debit,first_two,44,150,0.007918,0.009760
Debit,first_two,45,206,0.010875,0.009545
Debit,first_two,46,137,0.007232,0.009340
Debit,first_two,47,135,0.007127,0.009143
Debit,first_two,48,168,0.008869,0.008955
Debit,first_two,49,181,0.009555,0.008774
Debit,first_two,50,226,0.011931,0.008600
Debit,first_two,51,119,0.006282,0.008433
Debit,first_two,52,168,0.008869,0.008273
Debit,first_two,53,166,0.008763,0.008118
Debit,first_two,54,116,0.006124,0.007969
Debit,first_two,55,121,0.006388,0.007825
Debit,first_two,56,129,0.006810,0.007687
Debit,first_two,57,85,0.004487,0.007553
Debit,first_two,58,121,0.006388,0.007424
Debit,first_two,59,158,0.008341,0.007299
Debit,first_two,60,174,0.009185,0.007179
Debit,first_two,61,105,0.005543,0.007062
Debit,first_two,62,94,0.004962,0.006949
Debit,first_two,63,111,0.005860,0.006839
Debit,first_two,64,140,0.007391,0.006733
Debit,first_two,65,134,0.007074,0.006631
Debit,first_two,66,94,0.004962,0.006531
Debit,first_two,67,105,0.005543,0.006434
Debit,first_two,68,94,0.004962,0.006340
Debit,first_two,69,138,0.007285,0.006249
Debit,first_two,70,136,0.007179,0.006160
Debit,first_two,71,93,0.004909,0.006074
Debit,first_two,72,79,0.004170,0.005990
Debit,first_two,73,76,0.004012,0.005909
Debit,first_two,74,99,0.005226,0.005830
Debit,first_two,75,118,0.006229,0.005752
Debit,first_two,76,89,0.004698,0.005677
Debit,first_two,77,86,0.004540,0.005604
Debit,first_two,78,71,0.003748,0.005532
Debit,first_two,79,93,0.004909,0.005463
Debit,first_two,80,120,0.006335,0.005395
Debit,first_two,81,71,0.003748,0.005329
Debit,first_two,82,79,0.004170,0.005264
Debit,first_two,83,85,0.004487,0.005201
Debit,first_two,84,72,0.003801,0.005140
Debit,first_two,85,84,0.004434,0.005080
Debit,first_two,86,58,0.003062,0.005021
Debit,first_two,87,73,0.003854,0.004963
Debit,first_two,88,117,0.006176,0.004907
Debit,first_two,89,99,0.005226,0.004853
Debit,first_two,90,72,0.003801,0.004799
Debit,first_two,91,46,0.002428,0.004746
Debit,first_two,92,53,0.002798,0.004695
Debit,first_two,93,76,0.004012,0.004645
Debit,first_two,94,57,0.003009,0.004596
Debit,first_two,95,64,0.003379,0.004548
Debit,first_two,96,54,0.002851,0.004501
Debit,first_two,97,75,0.003959,0.004454
Debit,first_two,98,65,0.003431,0.004409
Debit,first_two,99,842,0.044449,0.004365
Credit,first,1,5724,0.301994,0.301030
Credit,first,2,3472,0.183180,0.176091
Credit,first,3,2233,0.117812,0.124939
Credit,first,4,1718,0.090640,0.096910
Credit,first,5,1413,0.074549,0.079181
Credit,first,6,1190,0.062784,0.066947
Credit,first,7,941,0.049647,0.057992
Credit,first,8,858,0.045267,0.051153
Credit,first,9,1405,0.074127,0.045757
Credit,first_two,10,798,0.042120,0.041393
Credit,first_two,11,581,0.030666,0.037789
Credit,first_two,12,647,0.034150,0.034762
Credit,first_two,13,428,0.022591,0.032185
Credit,first_two,14,471,0.024860,0.029963
Credit,first_two,15,505,0.026655,0.028029
Credit,first_two,16,458,0.024174,0.026329
Credit,first_two,17,376,0.019846,0.024824
Credit,first_two,18,368,0.019424,0.023481
Credit,first_two,19,1092,0.057637,0.022276
Credit,first_two,20,486,0.025652,0.021189
Credit,first_two,21,341,0.017999,0.020203
Credit,first_two,22,379,0.020004,0.019305
Credit,first_two,23,355,0.018737,0.018483
Credit,first_two,24,427,0.022538,0.017729
Credit,first_two,25,433,0.022854,0.017033
Credit,first_two,26,266,0.014040,0.016390
Credit,first_two,27,252,0.013301,0.015794
Credit,first_two,28,217,0.011454,0.015240
Credit,first_two,29,316,0.016679,0.014723
Credit,first_two,30,321,0.016943,0.014240
Credit,first_two,31,218,0.011506,0.013788
Credit,first_two,32,220,0.011612,0.013364
Credit,first_two,33,179,0.009448,0.012965
Credit,first_two,34,204,0.010767,0.012589
Credit,first_two,35,218,0.011506,0.012234
Credit,first_two,36,188,0.009923,0.011899
Credit,first_two,37,261,0.013776,0.011582
Credit,first_two,38,193,0.010187,0.011281
Credit,first_two,39,230,0.012140,0.010995
Credit,first_two,40,224,0.011823,0.010724
Credit,first_two,41,169,0.008920,0.010465
Credit,first_two,42,151,0.007970,0.010219
Credit,first_two,43,196,0.010345,0.009984
Credit,first_two,44,150,0.007917,0.009760
Credit,first_two,45,206,0.010873,0.009545
Credit,first_two,46,137,0.007231,0.009340
Credit,first_two,47,135,0.007126,0.009143
Credit,first_two,48,169,0.008920,0.008955
Credit,first_two,49,181,0.009553,0.008774
Credit,first_two,50,226,0.011929,0.008600
Credit,first_two,51,119,0.006281,0.008433
Credit,first_two,52,168,0.008867,0.008273
Credit,first_two,53,166,0.008762,0.008118
Credit,first_two,54,116,0.006123,0.007969
Credit,first_two,55,121,0.006387,0.007825
Credit,first_two,56,129,0.006809,0.007687
Credit,first_two,57,86,0.004539,0.007553
Credit,first_two,58,121,0.006387,0.007424
Credit,first_two,59,158,0.008339,0.007299
Credit,first_two,60,174,0.009184,0.007179
Credit,first_two,61,105,0.005542,0.007062
Credit,first_two,62,94,0.004961,0.006949
Credit,first_two,63,111,0.005859,0.006839
Credit,first_two,64,140,0.007389,0.006733
Credit,first_two,65,134,0.007073,0.006631
Credit,first_two,66,94,0.004961,0.006531
Credit,first_two,67,104,0.005489,0.006434
Credit,first_two,68,94,0.004961,0.006340
Credit,first_two,69,138,0.007284,0.006249
Credit,first_two,70,136,0.007178,0.006160
Credit,first_two,71,93,0.004909,0.006074
Credit,first_two,72,79,0.004170,0.005990
Credit,first_two,73,76,0.004011,0.005909
Credit,first_two,74,99,0.005225,0.005830
Credit,first_two,75,118,0.006228,0.005752
Credit,first_two,76,89,0.004698,0.005677
Credit,first_two,77,86,0.004539,0.005604
Credit,first_two,78,71,0.003747,0.005532
Credit,first_two,79,93,0.004909,0.005463
Credit,first_two,80,120,0.006334,0.005395
Credit,first_two,81,71,0.003747,0.005329
Credit,first_two,82,79,0.004170,0.005264
Credit,first_two,83,85,0.004486,0.005201
Credit,first_two,84,72,0.003800,0.005140
Credit,first_two,85,84,0.004434,0.005080
Credit,first_two,86,58,0.003061,0.005021
Credit,first_two,87,73,0.003853,0.004963
Credit,first_two,88,117,0.006175,0.004907
Credit,first_two,89,99,0.005225,0.004853
Credit,first_two,90,72,0.003800,0.004799
Credit,first_two,91,46,0.002428,0.004746
Credit,first_two,92,53,0.002797,0.004695
Credit,first_two,93,76,0.004011,0.004645
Credit,first_two,94,57,0.003009,0.004596
Credit,first_two,95,64,0.003378,0.004548
Credit,first_two,96,54,0.002850,0.004501
Credit,first_two,97,75,0.003959,0.004454
Credit,first_two,98,65,0.003431,0.004409
Credit,first_two,99,842,0.044442,0.004365
Amount,first,1,11449,0.302045,0.301030
Amount,first,2,6943,0.183168,0.176091
Amount,first,3,4464,0.117768,0.124939
Amount,first,4,3435,0.090621,0.096910
Amount,first,5,2825,0.074528,0.079181
Amount,first,6,2381,0.062815,0.066947
Amount,first,7,1882,0.049650,0.057992
Amount,first,8,1716,0.045271,0.051153
Amount,first,9,2810,0.074133,0.045757
Amount,first_two,10,1596,0.042123,0.041393
Amount,first_two,11,1162,0.030669,0.037789
Amount,first_two,12,1294,0.034152,0.034762
Amount,first_two,13,857,0.022619,0.032185
Amount,first_two,14,942,0.024862,0.029963
Amount,first_two,15,1010,0.026657,0.028029
Amount,first_two,16,916,0.024176,0.026329
Amount,first_two,17,752,0.019847,0.024824
Amount,first_two,18,736,0.019425,0.023481
Amount,first_two,19,2184,0.057642,0.022276
Amount,first_two,20,972,0.025654,0.021189
Amount,first_two,21,682,0.018000,0.020203
Amount,first_two,22,758,0.020006,0.019305
Amount,first_two,23,710,0.018739,0.018483
Amount,first_two,24,854,0.022540,0.017729
Amount,first_two,25,865,0.022830,0.017033
Amount,first_two,26,532,0.014041,0.016390
Amount,first_two,27,504,0.013302,0.015794
Amount,first_two,28,434,0.011455,0.015240
Amount,first_two,29,632,0.016680,0.014723
Amount,first_two,30,642,0.016944,0.014240
Amount,first_two,31,436,0.011507,0.013788
Amount,first_two,32,440,0.011613,0.013364
Amount,first_two,33,356,0.009396,0.012965
Amount,first_two,34,408,0.010768,0.012589
Amount,first_two,35,436,0.011507,0.012234
Amount,first_two,36,376,0.009924,0.011899
Amount,first_two,37,522,0.013777,0.011582
Amount,first_two,38,386,0.010188,0.011281
Amount,first_two,39,460,0.012141,0.010995
Amount,first_two,40,448,0.011824,0.010724
Amount,first_two,41,338,0.008921,0.010465
Amount,first_two,42,302,0.007971,0.010219
Amount,first_two,43,392,0.010346,0.009984
Amount,first_two,44,300,0.007918,0.009760
Amount,first_two,45,412,0.010874,0.009545
Amount,first_two,46,274,0.007232,0.009340
Amount,first_two,47,270,0.007126,0.009143
Amount,first_two,48,337,0.008894,0.008955
Amount,first_two,49,362,0.009554,0.008774
Amount,first_two,50,452,0.011930,0.008600
Amount,first_two,51,238,0.006282,0.008433
Amount,first_two,52,336,0.008868,0.008273
Amount,first_two,53,332,0.008762,0.008118
Amount,first_two,54,232,0.006123,0.007969
Amount,first_two,55,242,0.006387,0.007825
Amount,first_two,56,258,0.006809,0.007687
Amount,first_two,57,171,0.004513,0.007553
Amount,first_two,58,242,0.006387,0.007424
Amount,first_two,59,316,0.008340,0.007299
Amount,first_two,60,348,0.009185,0.007179
Amount,first_two,61,210,0.005543,0.007062
Amount,first_two,62,188,0.004962,0.006949
Amount,first_two,63,222,0.005859,0.006839
Amount,first_two,64,280,0.007390,0.006733
Amount,first_two,65,268,0.007073,0.006631
Amount,first_two,66,188,0.004962,0.006531
Amount,first_two,67,209,0.005516,0.006434
Amount,first_two,68,188,0.004962,0.006340
Amount,first_two,69,276,0.007284,0.006249
Amount,first_two,70,272,0.007179,0.006160
Amount,first_two,71,186,0.004909,0.006074
Amount,first_two,72,158,0.004170,0.005990
Amount,first_two,73,152,0.004012,0.005909
Amount,first_two,74,198,0.005226,0.005830
Amount,first_two,75,236,0.006229,0.005752
Amount,first_two,76,178,0.004698,0.005677
Amount,first_two,77,172,0.004540,0.005604
Amount,first_two,78,142,0.003748,0.005532
Amount,first_two,79,186,0.004909,0.005463
Amount,first_two,80,240,0.006334,0.005395
Amount,first_two,81,142,0.003748,0.005329
Amount,first_two,82,158,0.004170,0.005264
Amount,first_two,83,170,0.004487,0.005201
Amount,first_two,84,144,0.003801,0.005140
Amount,first_two,85,168,0.004434,0.005080
Amount,first_two,86,116,0.003062,0.005021
Amount,first_two,87,146,0.003853,0.004963
Amount,first_two,88,234,0.006176,0.004907
Amount,first_two,89,198,0.005226,0.004853
Amount,first_two,90,144,0.003801,0.004799
Amount,first_two,91,92,0.002428,0.004746
Amount,first_two,92,106,0.002798,0.004695
Amount,first_two,93,152,0.004012,0.004645
Amount,first_two,94,114,0.003009,0.004596
Amount,first_two,95,128,0.003378,0.004548
Amount,first_two,96,108,0.002850,0.004501
Amount,first_two,97,150,0.003959,0.004454
Amount,first_two,98,130,0.003431,0.004409
Amount,first_two,99,1684,0.044446,0.004365
